,Start Time,End Time,Trip Duration,Start Station,End Station,User Type
1748956,6/30/2017 10:06,6/30/2017 10:17,650.203,Connecticut Ave & R St NW,10th & U St NW,Subscriber
1751325,6/30/2017 12:50,6/30/2017 12:54,218.092,Eastern Market Metro / Pennsylvania Ave & 7th St SE,3rd & G St SE,Subscriber
1749904,6/30/2017 11:09,6/30/2017 11:14,256.496,Jefferson Memorial,Jefferson Dr & 14th St SW,Subscriber
1750731,6/30/2017 12:05,6/30/2017 12:18,810.335,5th St & Massachusetts Ave NW,10th St & Constitution Ave NW,Customer
1749615,6/30/2017 10:49,6/30/2017 11:29,2369.573,15th & W St NW,8th & D St NW,Customer
1749644,6/30/2017 10:51,6/30/2017 11:21,1819.878,Jefferson Dr & 14th St SW,4th St & Madison Dr NW,Customer
1750189,6/30/2017 11:29,6/30/2017 12:03,2047.85,14th St & New York Ave NW,Washington & Independence Ave SW/HHS,Customer
1750202,6/30/2017 11:30,6/30/2017 11:38,440.396,10th & K St NW,10th St & Constitution Ave NW,Subscriber
1749881,6/30/2017 11:08,6/30/2017 11:12,199.923,6th St & Indiana Ave NW,10th & E St NW,Subscriber
1749324,6/30/2017 10:29,6/30/2017 10:51,1299.598,M St & Pennsylvania Ave NW,Columbus Circle / Union Station,Subscriber
1751061,6/30/2017 12:29,6/30/2017 12:33,245.418,17th St & Massachusetts Ave NW,21st & M St NW,Subscriber
1751279,6/30/2017 12:47,6/30/2017 1:42,3300.834,Washington-Lee High School / N Stafford St & Generals Way,S Four Mile Run Dr & S Shirlington Rd,Customer
1750957,6/30/2017 12:20,6/30/2017 12:52,1884.944,Jefferson Memorial,4th St & Madison Dr NW,Customer
1749684,6/30/2017 10:54,6/30/2017 11:39,2740.946,15th St & Constitution Ave NW,12th & Army Navy Dr,Customer
1751104,6/30/2017 12:32,6/30/2017 1:01,1720.092,L'Enfant Plaza / 7th & C St SW,Lincoln Memorial,Customer
1750915,6/30/2017 12:17,6/30/2017 12:38,1246.122,C & O Canal & Wisconsin Ave NW,14th & V St NW,Customer
1749111,6/30/2017 10:16,6/30/2017 10:32,991.234,North Capitol St & F St NW,North Capitol St & F St NW,Subscriber
1751081,6/30/2017 12:30,6/30/2017 12:40,595.209,Lincoln Memorial,17th St & Independence Ave SW,Customer
1750920,6/30/2017 12:17,6/30/2017 2:26,7696.214,1st & K St SE,1st & K St SE,Customer
1749340,6/30/2017 10:30,6/30/2017 10:39,503.108,8th & O St NW,14th & R St NW,Subscriber
1749253,6/30/2017 10:25,7/1/2017 12:10,6334.167,14th & Rhode Island Ave NW,New York Ave & 15th St NW,Customer
1750537,6/30/2017 11:53,6/30/2017 12:22,1721.903,4th & East Capitol St NE,10th St & Constitution Ave NW,Customer
1749046,6/30/2017 10:11,6/30/2017 10:16,303.961,Eastern Market Metro / Pennsylvania Ave & 7th St SE,14th & D St SE,Subscriber
1751392,6/30/2017 12:55,6/30/2017 1:32,2251.59,S Arlington Mill Dr & Campbell Ave,S Arlington Mill Dr & Campbell Ave,Customer
1751072,6/30/2017 12:29,6/30/2017 12:46,992.581,4th & M St SW,4th & M St SW,Subscriber
1748870,6/30/2017 10:00,6/30/2017 10:12,711.343,14th & V St NW,21st & M St NW,Subscriber
1751138,6/30/2017 12:35,6/30/2017 12:38,199.809,Eisenhower Ave & Mill Race Ln,Ballenger Ave & Dulaney St,Subscriber
1750323,6/30/2017 11:39,6/30/2017 11:46,409.753,14th & Belmont St NW,7th & T St NW,Subscriber
1748640,6/30/2017 9:46,6/30/2017 10:34,2876.759,3rd & H St NW,3rd & H St NW,Customer
1749079,6/30/2017 10:13,6/30/2017 10:33,1154.856,Barcroft Community Center,Mount Vernon Ave & Bruce St,Customer
1748807,6/30/2017 9:56,6/30/2017 10:51,3290.494,14th & Rhode Island Ave NW,Washington & Independence Ave SW/HHS,Customer
1751241,6/30/2017 12:45,6/30/2017 1:12,1655.703,15th & P St NW,15th & P St NW,Customer
1750076,6/30/2017 11:21,6/30/2017 11:42,1247.278,19th & G St NW,16th & K St NW,Subscriber
1751208,6/30/2017 12:42,6/30/2017 12:58,952.771,Franklin & S Washington St,Commerce St & Fayette St,Customer
1750970,6/30/2017 12:21,6/30/2017 12:26,284.074,Connecticut Ave & Newark St NW / Cleveland Park,Connecticut Ave & Tilden St NW,Subscriber
1748753,6/30/2017 9:53,6/30/2017 9:56,177.546,5th & K St NW,New Jersey Ave & L St NW,Subscriber
1750787,6/30/2017 12:09,6/30/2017 12:28,1179.891,6th & H St NE,16th & Harvard St NW,Subscriber
1750605,6/30/2017 11:57,6/30/2017 12:07,590.03,24th & N St NW,14th & V St NW,Subscriber
1750239,6/30/2017 11:33,6/30/2017 11:46,742.086,Massachusetts Ave & Dupont Circle NW,34th St & Wisconsin Ave NW,Customer
1748961,6/30/2017 10:06,6/30/2017 10:37,1830.426,19th St & Constitution Ave NW,8th & F St NW,Customer
1750617,6/30/2017 11:58,6/30/2017 12:12,882.183,11th & Kenyon St NW,18th & R St NW,Subscriber
1750660,6/30/2017 12:00,6/30/2017 12:08,467.839,18th St & Wyoming Ave NW,Massachusetts Ave & Dupont Circle NW,Subscriber
1751152,6/30/2017 12:37,6/30/2017 12:48,640.254,15th & P St NW,22nd & I St NW / Foggy Bottom,Subscriber
1751062,6/30/2017 12:29,6/30/2017 12:57,1691.911,Jefferson Dr & 14th St SW,Washington & Independence Ave SW/HHS,Customer
1751391,6/30/2017 12:55,6/30/2017 1:06,688.987,22nd & I St NW / Foggy Bottom,C & O Canal & Wisconsin Ave NW,Subscriber
1749397,6/30/2017 10:35,6/30/2017 10:41,375.138,Thomas Circle,Massachusetts Ave & Dupont Circle NW,Customer
1749598,6/30/2017 10:48,6/30/2017 11:20,1956.024,15th & W St NW,6th St & Indiana Ave NW,Customer
1750695,6/30/2017 12:02,6/30/2017 12:27,1509.323,Washington & Independence Ave SW/HHS,17th St & Independence Ave SW,Customer
1748963,6/30/2017 10:06,6/30/2017 10:19,770.166,New Hampshire Ave & 24th St NW,Wisconsin Ave & O St NW,Customer
1749516,6/30/2017 10:42,6/30/2017 10:49,435.961,Henry Bacon Dr & Lincoln Memorial Circle NW,Jefferson Dr & 14th St SW,Subscriber
1751304,6/30/2017 12:48,6/30/2017 12:54,349.53,15th & P St NW,15th & K St NW,Subscriber
1749637,6/30/2017 10:51,6/30/2017 11:19,1719.822,Jefferson Dr & 14th St SW,4th St & Madison Dr NW,Customer
1749594,6/30/2017 10:47,6/30/2017 11:03,938.016,Metro Center / 12th & G St NW,17th & K St NW,Subscriber
1750351,6/30/2017 11:42,6/30/2017 11:45,173.378,17th & Corcoran St NW,15th & P St NW,Subscriber
1751390,6/30/2017 12:55,6/30/2017 3:32,9467.92,15th & K St NW,15th & K St NW,Customer
1750128,6/30/2017 11:26,6/30/2017 11:55,1755.316,16th & Irving St NW,34th & Water St NW,Subscriber
1748651,6/30/2017 9:47,6/30/2017 10:19,1960.193,7th & E St SW,Lincoln Memorial,Customer
1750068,6/30/2017 11:21,6/30/2017 11:28,415.87,5th & F St NW,14th St & New York Ave NW,Subscriber
1748945,6/30/2017 10:05,6/30/2017 10:09,217.904,Shady Grove Metro West,King Farm Blvd & Pleasant Dr,Subscriber
1749348,6/30/2017 10:31,6/30/2017 10:47,967.214,3rd & G St SE,M St & Delaware Ave NE,Subscriber
1750378,6/30/2017 11:44,7/1/2017 12:12,1720.992,14th & Upshur St NW,Georgia & Missouri Ave NW,Customer
1748894,6/30/2017 10:02,6/30/2017 10:24,1358.881,3rd & H St NE,3rd & H St NE,Customer
1748947,6/30/2017 10:05,6/30/2017 10:19,826.768,Columbus Circle / Union Station,Jefferson Dr & 14th St SW,Subscriber
1749244,6/30/2017 10:24,6/30/2017 10:44,1204.857,14th & Upshur St NW,15th & L St NW,Subscriber
1749390,6/30/2017 10:34,6/30/2017 10:45,634.158,17th & K St NW,Potomac & M St NW,Subscriber
1748769,6/30/2017 9:54,6/30/2017 10:01,442.857,4th & E St SW,3rd St & Pennsylvania Ave SE,Subscriber
1750320,6/30/2017 11:39,6/30/2017 11:43,235.991,20th St & Florida Ave NW,California St & Florida Ave NW,Customer
1749527,6/30/2017 10:43,6/30/2017 11:45,3759.539,Smithsonian-National Mall / Jefferson Dr & 12th St SW,Metro Center / 12th & G St NW,Customer
1749561,6/30/2017 10:45,6/30/2017 10:51,378.394,8th & Eye St SE / Barracks Row,1st & K St SE,Subscriber
1751224,6/30/2017 12:44,6/30/2017 12:52,497.068,18th & R St NW,19th & K St NW,Subscriber
1749376,6/30/2017 10:33,6/30/2017 10:46,771.106,12th St & Pennsylvania Ave SE,13th & H St NE,Subscriber
1750375,6/30/2017 11:44,6/30/2017 1:40,6958.056,21st St & Constitution Ave NW,21st St & Constitution Ave NW,Customer
1750715,6/30/2017 12:03,6/30/2017 12:09,359.951,11th & O St NW,8th & H St NW,Subscriber
1749007,6/30/2017 10:09,6/30/2017 10:10,89.456,Columbia Rd & Belmont St NW,Adams Mill & Columbia Rd NW,Subscriber
1749972,6/30/2017 11:14,6/30/2017 11:28,834.825,Lincoln Memorial,Jefferson Dr & 14th St SW,Customer
1750761,6/30/2017 12:07,6/30/2017 12:13,395.623,1st & K St SE,Washington & Independence Ave SW/HHS,Customer
1748801,6/30/2017 9:56,6/30/2017 10:19,1358.486,Oklahoma Ave & D St NE,13th St & New York Ave NW,Customer
1749961,6/30/2017 11:14,6/30/2017 11:27,822.053,Lincoln Memorial,Jefferson Dr & 14th St SW,Customer
1749556,6/30/2017 10:45,6/30/2017 11:12,1618.408,North Capitol St & F St NW,7th & E St SW,Subscriber
1749074,6/30/2017 10:13,6/30/2017 10:18,296.546,14th & G St NW,14th & G St NW,Customer
1750771,6/30/2017 12:07,6/30/2017 12:32,1509.323,L'Enfant Plaza / 7th & C St SW,Lincoln Memorial,Customer
1748830,6/30/2017 9:58,6/30/2017 10:04,354.97,Bethesda Ave & Arlington Rd,Battery Ln & Trolley Trail,Subscriber
1749947,6/30/2017 11:13,6/30/2017 11:27,866.967,21st & M St NW,18th St & Wyoming Ave NW,Customer
1749832,6/30/2017 11:05,6/30/2017 11:18,780.295,Lee Hwy & N Scott St,Fairfax Dr & Kenmore St,Subscriber
1751218,6/30/2017 12:43,6/30/2017 12:47,219.662,US Dept of State / Virginia Ave & 21st St NW,20th & E St NW,Subscriber
1749211,6/30/2017 10:22,6/30/2017 10:34,718.379,7th & T St NW,5th & F St NW,Subscriber
1750445,6/30/2017 11:48,6/30/2017 11:58,622.354,10th St & Constitution Ave NW,15th & P St NW,Subscriber
1748884,6/30/2017 10:01,6/30/2017 10:11,622.081,Wisconsin Ave & O St NW,22nd & P ST NW,Customer
1750086,6/30/2017 11:22,6/30/2017 11:50,1688.588,Washington & Independence Ave SW/HHS,19th St & Constitution Ave NW,Customer
1750952,6/30/2017 12:20,6/30/2017 12:29,524.678,17th & K St NW,New Hampshire Ave & T St NW,Subscriber
1749356,6/30/2017 10:31,6/30/2017 10:59,1653.401,Virginia Square Metro / N Monroe St & 9th St N,Columbia Pike & S Walter Reed Dr,Customer
1750115,6/30/2017 11:25,6/30/2017 11:32,423.615,California St & Florida Ave NW,22nd & P ST NW,Subscriber
1750581,6/30/2017 11:56,6/30/2017 12:07,655.853,18th St & Wyoming Ave NW,19th & L St NW,Subscriber
1749677,6/30/2017 10:53,6/30/2017 11:01,479.556,Columbia Rd & Belmont St NW,24th & N St NW,Customer
1749408,6/30/2017 10:35,6/30/2017 11:03,1686.573,16th & Irving St NW,16th & Irving St NW,Customer
1749314,6/30/2017 10:28,6/30/2017 10:36,475.666,New York Ave & 15th St NW,Thomas Circle,Customer
1750565,6/30/2017 11:55,6/30/2017 11:58,159.147,Adams Mill & Columbia Rd NW,18th St & Wyoming Ave NW,Subscriber
1749045,6/30/2017 10:11,6/30/2017 10:14,168.732,Eads St & 15th St S,12th & Army Navy Dr,Subscriber
1749722,6/30/2017 10:57,6/30/2017 11:05,491.63,Adams Mill & Columbia Rd NW,15th & P St NW,Subscriber
1749346,6/30/2017 10:31,6/30/2017 11:02,1849.498,15th & K St NW,15th & M St NW,Subscriber
1750175,6/30/2017 11:29,6/30/2017 12:07,2336.011,15th & P St NW,Lincoln Memorial,Customer
1748793,6/30/2017 9:55,6/30/2017 10:12,967.546,37th & O St NW / Georgetown University,15th & P St NW,Subscriber
1750132,6/30/2017 11:26,6/30/2017 11:42,933.763,New Hampshire Ave & 24th St NW,15th St & Constitution Ave NW,Subscriber
1751136,6/30/2017 12:35,6/30/2017 12:56,1292.708,Connecticut Ave & R St NW,10th & U St NW,Customer
1750091,6/30/2017 11:23,6/30/2017 11:40,1024.953,Georgia & New Hampshire Ave NW,25th St & Pennsylvania Ave NW,Subscriber
1750625,6/30/2017 11:58,7/1/2017 12:00,125.828,4th & East Capitol St NE,4th & East Capitol St NE,Subscriber
1750130,6/30/2017 11:26,6/30/2017 11:36,574.462,New Jersey Ave & R St NW,New Hampshire Ave & T St NW,Subscriber
1750433,6/30/2017 11:47,6/30/2017 11:55,499.097,2nd St & Massachusetts Ave NE,Eastern Market / 7th & North Carolina Ave SE,Subscriber
1751359,6/30/2017 12:52,6/30/2017 1:18,1540.406,Henry Bacon Dr & Lincoln Memorial Circle NW,4th & C St SW,Customer
1750374,6/30/2017 11:43,7/1/2017 12:12,1744.405,14th & Upshur St NW,Georgia & Missouri Ave NW,Customer
1750977,6/30/2017 12:21,6/30/2017 12:37,939.376,Jefferson Memorial,L'Enfant Plaza / 7th & C St SW,Customer
1751173,6/30/2017 12:39,6/30/2017 1:29,3029.716,M St & Delaware Ave NE,19th & L St NW,Subscriber
1749308,6/30/2017 10:28,6/30/2017 10:36,456.666,Columbus Circle / Union Station,1st & M St NE,Subscriber
1750460,6/30/2017 11:49,6/30/2017 12:24,2111.592,8th & H St NW,L'Enfant Plaza / 7th & C St SW,Customer
1750368,6/30/2017 11:43,6/30/2017 11:45,117.81,14th & Rhode Island Ave NW,14th & Rhode Island Ave NW,Subscriber
1750865,6/30/2017 12:13,6/30/2017 12:19,344.059,Crystal City Metro / 18th & Bell St,Pentagon City Metro / 12th & S Hayes St,Subscriber
1748967,6/30/2017 10:06,6/30/2017 10:30,1409.087,14th & R St NW,Maine Ave & 7th St SW,Subscriber
1751253,6/30/2017 12:45,6/30/2017 1:16,1817.93,Jefferson Memorial,Jefferson Dr & 14th St SW,Customer
1750762,6/30/2017 12:07,6/30/2017 12:15,487.107,Pentagon City Metro / 12th & S Hayes St,20th & Crystal Dr,Subscriber
1749363,6/30/2017 10:32,6/30/2017 11:01,1758.49,9th & Upshur St NW,7th & R St NW / Shaw Library,Subscriber
1749042,6/30/2017 10:11,6/30/2017 10:16,316.263,Columbia Pike & S Courthouse Rd,Columbia Pike & S Orme St,Subscriber
1748831,6/30/2017 9:58,6/30/2017 10:06,482.301,10th & K St NW,19th & K St NW,Subscriber
1750592,6/30/2017 11:57,6/30/2017 12:12,913.532,L'Enfant Plaza / 7th & C St SW,3rd & H St NE,Subscriber
1750258,6/30/2017 11:34,6/30/2017 11:43,537.43,11th & Girard St NW,15th & P St NW,Subscriber
1750960,6/30/2017 12:20,6/30/2017 12:24,199.573,14th & Harvard St NW,15th & Euclid St  NW,Subscriber
1750737,6/30/2017 12:05,6/30/2017 12:12,386.578,New Hampshire Ave & T St NW,17th & K St NW,Subscriber
1750488,6/30/2017 11:51,6/30/2017 11:53,134.534,5th St & Massachusetts Ave NW,5th & F St NW,Subscriber
1750171,6/30/2017 11:28,6/30/2017 11:40,696.771,27th & Crystal Dr,Eads & 22nd St S,Customer
1751153,6/30/2017 12:37,6/30/2017 12:46,553.841,14th & Belmont St NW,14th St Heights / 14th & Crittenden St NW,Subscriber
1749510,6/30/2017 10:41,6/30/2017 10:59,1037.568,Kennedy Center,Jefferson Dr & 14th St SW,Subscriber
1750599,6/30/2017 11:57,6/30/2017 11:59,97.258,23rd & Crystal Dr,20th & Crystal Dr,Subscriber
1750691,6/30/2017 12:02,6/30/2017 12:08,330.992,18th St & Pennsylvania Ave NW,M St & Pennsylvania Ave NW,Subscriber
1750004,6/30/2017 11:17,6/30/2017 11:26,538.455,Smithsonian-National Mall / Jefferson Dr & 12th St SW,15th St & Constitution Ave NW,Customer
1749142,6/30/2017 10:18,6/30/2017 10:40,1300.627,1st & M St NE,Bladensburg Rd & Benning Rd NE,Subscriber
1750058,6/30/2017 11:20,6/30/2017 11:33,795.321,14th St & Spring Rd NW,14th & Belmont St NW,Customer
1749239,6/30/2017 10:24,6/30/2017 10:43,1127.075,Eastern Market / 7th & North Carolina Ave SE,14th & D St NW / Ronald Reagan Building,Subscriber
1751300,6/30/2017 12:48,6/30/2017 1:11,1369.732,13th & H St NE,4th & C St SW,Subscriber
1749120,6/30/2017 10:17,6/30/2017 10:32,894.357,3rd & H St NE,New York Ave & Hecht Ave NE,Subscriber
1750391,6/30/2017 11:44,6/30/2017 11:49,275.505,17th St & Massachusetts Ave NW,New Hampshire Ave & T St NW,Subscriber
1748832,6/30/2017 9:58,6/30/2017 10:02,226.424,US Dept of State / Virginia Ave & 21st St NW,21st St & Constitution Ave NW,Customer
1750832,6/30/2017 12:12,6/30/2017 12:27,939.794,Ballston Metro / N Stuart & 9th St N,Wilson Blvd & N Illinois St ,Subscriber
1748925,6/30/2017 10:04,6/30/2017 10:21,1051.514,15th & F St NE,1st & M St NE,Customer
1749818,6/30/2017 11:03,6/30/2017 11:15,698.179,Potomac Ave & 8th St SE,L'Enfant Plaza / 7th & C St SW,Subscriber
1749589,6/30/2017 10:47,6/30/2017 10:55,490.879,Connecticut Ave & R St NW,15th & M St NW,Subscriber
1748888,6/30/2017 10:01,6/30/2017 10:22,1271.945,15th & P St NW,14th & V St NW,Subscriber
1750271,6/30/2017 11:35,6/30/2017 11:49,800.744,15th St & Constitution Ave NW,Hains Point/Buckeye & Ohio Dr SW,Subscriber
1750313,6/30/2017 11:39,6/30/2017 11:43,235.484,S Joyce & Army Navy Dr,Aurora Hills Community Ctr/18th & Hayes St,Subscriber
1750620,6/30/2017 11:58,6/30/2017 12:22,1467.213,Connecticut Ave & Newark St NW / Cleveland Park,20th St & Virginia Ave NW,Customer
1748906,6/30/2017 10:03,6/30/2017 10:14,653.236,Virginia Ave & 25th St NW,17th & K St NW / Farragut Square,Subscriber
1750531,6/30/2017 11:53,7/1/2017 12:03,607.138,14th & Rhode Island Ave NW,1st & Rhode Island Ave NW,Subscriber
1749200,6/30/2017 10:22,6/30/2017 11:31,4111.213,Bethesda Ave & Arlington Rd,Clarendon Blvd & Pierce St,Customer
1749934,6/30/2017 11:11,6/30/2017 11:41,1778.862,Adams Mill & Columbia Rd NW,14th & R St NW,Subscriber
1751446,6/30/2017 12:59,6/30/2017 1:22,1374.646,7th & T St NW,39th & Calvert St NW / Stoddert,Subscriber
1749470,6/30/2017 10:39,6/30/2017 11:02,1339.693,34th St & Wisconsin Ave NW,8th & F St NW,Customer
1749481,6/30/2017 10:40,6/30/2017 10:45,294.89,15th & Euclid St  NW,14th & Irving St NW,Subscriber
1749837,6/30/2017 11:05,6/30/2017 11:38,1954.027,4th & M St SW,Columbia Rd & Belmont St NW,Customer
1749092,6/30/2017 10:14,6/30/2017 10:30,932.825,Lincoln Memorial,N Lynn St & Fairfax Dr,Subscriber
1748857,6/30/2017 9:59,6/30/2017 10:13,819.323,2nd St & Massachusetts Ave NE,4th St & Madison Dr NW,Customer
1749161,6/30/2017 10:19,6/30/2017 10:30,652.598,Georgia & New Hampshire Ave NW,14th & V St NW,Subscriber
1749551,6/30/2017 10:44,6/30/2017 10:52,480.641,North Capitol St & F St NW,5th & K St NW,Subscriber
1749221,6/30/2017 10:23,6/30/2017 10:37,857.848,17th & K St NW / Farragut Square,14th & V St NW,Customer
1750938,6/30/2017 12:19,6/30/2017 12:42,1403.011,S Glebe & Potomac Ave,Jefferson Dr & 14th St SW,Subscriber
1751078,6/30/2017 12:30,6/30/2017 12:45,917.01,18th St & Wyoming Ave NW,3000 Connecticut Ave NW / National Zoo,Customer
1748839,6/30/2017 9:58,6/30/2017 10:19,1255.484,22nd & P ST NW,N Veitch & Key Blvd,Subscriber
1749214,6/30/2017 10:23,6/30/2017 10:38,944.404,1st & D St SE,1st & M St NE,Subscriber
1749632,6/30/2017 10:50,6/30/2017 11:03,777.491,21st & M St NW,Henry Bacon Dr & Lincoln Memorial Circle NW,Customer
1750276,6/30/2017 11:36,6/30/2017 11:47,657.857,Iwo Jima Memorial/N Meade & 14th St N,22nd St & Constitution Ave NW,Subscriber
1749726,6/30/2017 10:57,6/30/2017 11:50,3212.096,River Rd & Landy Ln,31st & Water St NW,Customer
1749573,6/30/2017 10:45,6/30/2017 11:14,1721.529,14th St & New York Ave NW,Henry Bacon Dr & Lincoln Memorial Circle NW,Customer
1749389,6/30/2017 10:34,6/30/2017 10:55,1241.111,8th & F St NW,4th St & Madison Dr NW,Customer
1749567,6/30/2017 10:45,6/30/2017 11:08,1375.289,3rd St & Pennsylvania Ave SE,Georgetown Harbor / 30th St NW,Subscriber
1750557,6/30/2017 11:55,6/30/2017 12:30,2117.146,19th St & Constitution Ave NW,Iwo Jima Memorial/N Meade & 14th St N,Customer
1750502,6/30/2017 11:52,6/30/2017 12:22,1850.444,8th & H St NW,4th St & Madison Dr NW,Customer
1749263,6/30/2017 10:26,6/30/2017 10:32,403.276,18th St & Wyoming Ave NW,16th & R St NW,Customer
1749226,6/30/2017 10:23,6/30/2017 10:34,626.105,14th & R St NW,14th & Irving St NW,Subscriber
1749503,6/30/2017 10:41,6/30/2017 11:45,3841.084,17th St & Independence Ave SW,18th St & Pennsylvania Ave NW,Customer
1751141,6/30/2017 12:35,6/30/2017 1:28,3167.193,Lincoln Memorial,Jefferson Dr & 14th St SW,Customer
1748808,6/30/2017 9:56,6/30/2017 10:04,424.92,14th & G St NW,11th & O St NW,Subscriber
1750062,6/30/2017 11:20,6/30/2017 11:26,309.996,7th & R St NW / Shaw Library,16th & R St NW,Subscriber
1749198,6/30/2017 10:22,6/30/2017 10:44,1301.328,Constitution Ave & 2nd St NW/DOL,17th & G St NW,Customer
1751229,6/30/2017 12:44,6/30/2017 1:08,1445.484,3rd & D St SE,M St & Pennsylvania Ave NW,Subscriber
1751094,6/30/2017 12:31,6/30/2017 12:39,468.257,14th & V St NW,10th & K St NW,Subscriber
1750833,6/30/2017 12:12,6/30/2017 12:23,678.892,18th St & Wyoming Ave NW,16th & Harvard St NW,Customer
1749537,6/30/2017 10:43,6/30/2017 10:44,73.917,Columbus Circle / Union Station,Columbus Circle / Union Station,Customer
1751334,6/30/2017 12:51,6/30/2017 1:14,1360.835,17th St & Independence Ave SW,Henry Bacon Dr & Lincoln Memorial Circle NW,Customer
1751283,6/30/2017 12:47,6/30/2017 1:05,1062.286,14th & D St NW / Ronald Reagan Building,Calvert St & Woodley Pl NW,Subscriber
1751318,6/30/2017 12:49,6/30/2017 1:18,1699.113,Lincoln Memorial,S Joyce & Army Navy Dr,Subscriber
1750299,6/30/2017 11:38,6/30/2017 12:04,1556.628,Jefferson Memorial,Lincoln Memorial,Customer
1749530,6/30/2017 10:43,6/30/2017 11:01,1084.631,5th St & Massachusetts Ave NW,14th & D St SE,Subscriber
1748872,6/30/2017 10:00,6/30/2017 10:13,745.637,14th & Girard St NW,13th St & New York Ave NW,Subscriber
1750779,6/30/2017 12:08,6/30/2017 12:25,993.658,37th & O St NW / Georgetown University,15th & P St NW,Subscriber
1750914,6/30/2017 12:17,6/30/2017 1:12,3267.989,Jefferson Dr & 14th St SW,Jefferson Dr & 14th St SW,Customer
1750539,6/30/2017 11:54,6/30/2017 11:59,306.58,5th St & Massachusetts Ave NW,13th St & New York Ave NW,Subscriber
1750852,6/30/2017 12:13,6/30/2017 12:16,197.83,Georgia & New Hampshire Ave NW,Park Rd & Holmead Pl NW,Subscriber
1749081,6/30/2017 10:14,6/30/2017 10:26,762.538,6th St & Indiana Ave NW,10th & G St NW,Subscriber
1751118,6/30/2017 12:34,6/30/2017 1:02,1703.06,Henry Bacon Dr & Lincoln Memorial Circle NW,34th & Water St NW,Customer
1749549,6/30/2017 10:44,6/30/2017 11:00,930.116,Virginia Ave & 25th St NW,14th & G St NW,Subscriber
1749441,6/30/2017 10:38,6/30/2017 10:46,476.657,4th & E St SW,4th St & Madison Dr NW,Subscriber
1750707,6/30/2017 12:03,6/30/2017 12:30,1639.823,Columbus Circle / Union Station,L'Enfant Plaza / 7th & C St SW,Customer
1751175,6/30/2017 12:39,6/30/2017 12:42,182.726,12th St & Pennsylvania Ave SE,14th & D St SE,Subscriber
1750555,6/30/2017 11:55,6/30/2017 12:00,296.918,5th & F St NW,11th & F St NW,Subscriber
1750866,6/30/2017 12:13,6/30/2017 12:40,1592.406,24th & N St NW,Maine Ave & 7th St SW,Subscriber
1749994,6/30/2017 11:17,6/30/2017 11:23,406.983,13th & H St NE,3rd & H St NE,Subscriber
1748648,6/30/2017 9:47,6/30/2017 9:53,403.124,10th & U St NW,14th & Rhode Island Ave NW,Subscriber
1750476,6/30/2017 11:50,6/30/2017 12:00,647.312,14th & D St NW / Ronald Reagan Building,14th & R St NW,Subscriber
1749357,6/30/2017 10:32,6/30/2017 10:53,1304.5,Georgia & Missouri Ave NW,3rd St & Riggs Rd NE,Customer
1749426,6/30/2017 10:37,6/30/2017 10:54,1006.598,Braddock Rd Metro,Mount Vernon Ave & Kennedy St,Customer
1749986,6/30/2017 11:16,6/30/2017 11:17,101.016,2nd & G St NE,Columbus Circle / Union Station,Subscriber
1750800,6/30/2017 12:10,6/30/2017 12:16,399.586,Potomac & Swann Ave,S Glebe & Potomac Ave,Customer
1750598,6/30/2017 11:57,6/30/2017 1:02,3886.657,22nd St & Constitution Ave NW,4th & East Capitol St NE,Customer
1749814,6/30/2017 11:03,6/30/2017 11:12,536.8,14th & R St NW,1st & Rhode Island Ave NW,Subscriber
1748938,6/30/2017 10:04,6/30/2017 10:07,152.694,Washington-Lee High School / N Stafford St & Generals Way,Utah St & 11th St N ,Subscriber
1750310,6/30/2017 11:39,7/1/2017 12:06,1669.25,11th & M St NW,Henry Bacon Dr & Lincoln Memorial Circle NW,Customer
1750624,6/30/2017 11:58,6/30/2017 12:20,1330.248,Jefferson Dr & 14th St SW,Jefferson Dr & 14th St SW,Customer
1750867,6/30/2017 12:13,6/30/2017 12:24,610.81,Saint Asaph St & Pendleton  St,Monroe Ave & Leslie Ave,Subscriber
1749275,6/30/2017 10:26,6/30/2017 12:22,6951.559,Lincoln Memorial,17th & G St NW,Customer
1749050,6/30/2017 10:11,6/30/2017 10:20,547.885,Columbus Circle / Union Station,13th & H St NE,Subscriber
1749652,6/30/2017 10:52,6/30/2017 11:03,645.942,Lynn & 19th St North,34th St & Wisconsin Ave NW,Subscriber
1750081,6/30/2017 11:22,7/1/2017 12:52,5403.541,Lincoln Memorial,4th & C St SW,Customer
1748771,6/30/2017 9:54,6/30/2017 10:08,844.613,Mount Vernon Ave & Four Mile Run Park,Potomac & Swann Ave,Customer
1748882,6/30/2017 10:01,6/30/2017 10:05,279.084,3rd St & Pennsylvania Ave SE,2nd St & Massachusetts Ave NE,Subscriber
1750803,6/30/2017 12:10,6/30/2017 12:16,358.454,Massachusetts Ave & Dupont Circle NW,24th & N St NW,Subscriber
1750444,6/30/2017 11:48,6/30/2017 12:04,1002.505,Connecticut Ave & R St NW,8th & H St NW,Subscriber
1751418,6/30/2017 12:57,6/30/2017 1:18,1259.92,18th & R St NW,Lynn & 19th St North,Subscriber
1750580,6/30/2017 11:56,6/30/2017 12:00,245.161,Henry St & Pendleton St,King St & Patrick St,Subscriber
1749997,6/30/2017 11:17,6/30/2017 11:29,767.156,37th & O St NW / Georgetown University,17th & Corcoran St NW,Customer
1751225,6/30/2017 12:44,6/30/2017 12:58,860.666,14th & Irving St NW,16th & R St NW,Customer
1749469,6/30/2017 10:39,6/30/2017 11:02,1333.371,Wisconsin Ave & Newark St NW,18th St & Pennsylvania Ave NW,Subscriber
1750646,6/30/2017 11:59,6/30/2017 12:04,284.459,18th St & Pennsylvania Ave NW,13th St & New York Ave NW,Subscriber
1749771,6/30/2017 10:59,6/30/2017 11:09,599.166,Union Market/6th St & Neal Pl NE,2nd & G St NE,Customer
1750946,6/30/2017 12:19,6/30/2017 12:33,818.578,Massachusetts Ave & Dupont Circle NW,15th & P St NW,Subscriber
1749328,6/30/2017 10:30,6/30/2017 10:36,379.338,Smithsonian-National Mall / Jefferson Dr & 12th St SW,4th St & Madison Dr NW,Customer
1751297,6/30/2017 12:48,6/30/2017 12:55,439.075,14th & D St NW / Ronald Reagan Building,L'Enfant Plaza / 7th & C St SW,Subscriber
1751051,6/30/2017 12:28,6/30/2017 12:34,363.75,Massachusetts Ave & Dupont Circle NW,25th St & Pennsylvania Ave NW,Subscriber
1750192,6/30/2017 11:30,6/30/2017 11:33,216.292,M St & Delaware Ave NE,3rd & H St NE,Subscriber
1750788,6/30/2017 12:09,6/30/2017 12:35,1590.088,Eisenhower Ave & Mill Race Ln,Eisenhower Ave & Mill Race Ln,Subscriber
1750967,6/30/2017 12:21,6/30/2017 12:49,1691.341,Union Market/6th St & Neal Pl NE,4th & D St NW / Judiciary Square,Customer
1749659,6/30/2017 10:52,6/30/2017 11:02,562.837,4th & W St NE,1st & M St NE,Subscriber
1749714,6/30/2017 10:56,6/30/2017 11:11,902.52,Mount Vernon Ave & Four Mile Run Park,Radford & Osage St,Subscriber
1749061,6/30/2017 10:12,6/30/2017 10:15,172.133,15th & M St NW,17th & K St NW / Farragut Square,Customer
1751154,6/30/2017 12:37,6/30/2017 12:41,261.682,6th & H St NE,Columbus Circle / Union Station,Subscriber
1750199,6/30/2017 11:30,6/30/2017 11:43,772.596,1st & M St NE,16th & K St NW,Subscriber
1749457,6/30/2017 10:39,6/30/2017 11:07,1722.658,Henry Bacon Dr & Lincoln Memorial Circle NW,15th St & Constitution Ave NW,Customer
1750709,6/30/2017 12:03,6/30/2017 12:09,350.603,13th & D St NE,Eastern Market / 7th & North Carolina Ave SE,Subscriber
1750871,6/30/2017 12:14,6/30/2017 12:26,760.886,Washington & Independence Ave SW/HHS,19th & East Capitol St SE,Subscriber
1749873,6/30/2017 11:08,6/30/2017 11:32,1440.682,Jefferson Dr & 14th St SW,Henry Bacon Dr & Lincoln Memorial Circle NW,Customer
1750604,6/30/2017 11:57,6/30/2017 12:27,1781.289,Clarendon Blvd & Pierce St,Washington & Independence Ave SW/HHS,Customer
1749113,6/30/2017 10:16,6/30/2017 11:15,3515.164,12th & L St NW,Lincoln Memorial,Customer
1749665,6/30/2017 10:52,6/30/2017 11:14,1279.689,19th St & Pennsylvania Ave NW,4th & C St SW,Customer
1750763,6/30/2017 12:07,6/30/2017 12:14,410.55,Thomas Circle,19th & K St NW,Subscriber
1748762,6/30/2017 9:53,6/30/2017 10:14,1245.515,Georgetown Harbor / 30th St NW,17th & G St NW,Customer
1750900,6/30/2017 12:16,6/30/2017 12:19,182.665,Kennedy Center,New Hampshire Ave & 24th St NW,Subscriber
1749078,6/30/2017 10:13,6/30/2017 10:34,1232.01,Lincoln Park / 13th & East Capitol St NE ,Lincoln Park / 13th & East Capitol St NE ,Subscriber
1749197,6/30/2017 10:22,6/30/2017 10:51,1745.535,Georgetown Harbor / 30th St NW,10th St & Constitution Ave NW,Customer
1748897,6/30/2017 10:02,6/30/2017 10:32,1836.709,14th & L St NW,14th & Rhode Island Ave NW,Subscriber
1748818,6/30/2017 9:57,6/30/2017 10:11,813.19,3rd & H St NE,8th & Eye St SE / Barracks Row,Subscriber
1749529,6/30/2017 10:43,6/30/2017 10:57,841.757,Jefferson Memorial,Jefferson Dr & 14th St SW,Subscriber
1750971,6/30/2017 12:21,6/30/2017 12:40,1154.057,Georgetown Harbor / 30th St NW,10th & U St NW,Customer
1749126,6/30/2017 10:17,6/30/2017 11:43,5144.971,14th & G St NW,18th & C St NW,Customer
1748657,6/30/2017 9:47,6/30/2017 10:22,2084.072,4th St & Madison Dr NW,Henry Bacon Dr & Lincoln Memorial Circle NW,Customer
1751258,6/30/2017 12:45,6/30/2017 1:40,3300.665,Washington-Lee High School / N Stafford St & Generals Way,S Four Mile Run Dr & S Shirlington Rd,Customer
1748634,6/30/2017 9:46,6/30/2017 9:53,459.053,Connecticut Ave & R St NW,11th & O St NW,Subscriber
1750035,6/30/2017 11:18,6/30/2017 11:23,252.41,15th & Euclid St  NW,14th & Irving St NW,Subscriber
1751316,6/30/2017 12:49,6/30/2017 12:56,384.058,Thomas Circle,Convention Center / 7th & M St NW,Subscriber
1749358,6/30/2017 10:32,6/30/2017 10:52,1257.445,Rhode Island Ave & V St NE,17th & G St NW,Subscriber
1749289,6/30/2017 10:27,6/30/2017 10:30,212.396,New Hampshire Ave & 24th St NW,Georgetown Harbor / 30th St NW,Customer
1750250,6/30/2017 11:34,6/30/2017 11:42,484.616,11th & F St NW,5th St & Massachusetts Ave NW,Subscriber
1749545,6/30/2017 10:44,6/30/2017 11:04,1188.931,M St & Pennsylvania Ave NW,M St & Pennsylvania Ave NW,Customer
1749108,6/30/2017 10:16,6/30/2017 10:40,1479.591,Jefferson Memorial,Iwo Jima Memorial/N Meade & 14th St N,Customer
1748671,6/30/2017 9:48,6/30/2017 10:01,800.982,New York Ave & 15th St NW,Smithsonian-National Mall / Jefferson Dr & 12th St SW,Customer
1749250,6/30/2017 10:25,6/30/2017 10:44,1146.146,14th & R St NW,M St & Delaware Ave NE,Subscriber
1750267,6/30/2017 11:35,6/30/2017 11:47,689.726,1st & M St NE,Maryland Ave & E St NE,Subscriber
1749017,6/30/2017 10:09,6/30/2017 10:14,314.362,Wisconsin Ave & Newark St NW,Tenleytown / Wisconsin Ave & Albemarle St NW,Subscriber
1751058,6/30/2017 12:28,6/30/2017 12:34,325.08,22nd & P ST NW,25th St & Pennsylvania Ave NW,Subscriber
1750706,6/30/2017 12:03,6/30/2017 12:42,2374.491,2nd & G St NE,17th St & Independence Ave SW,Customer
1751150,6/30/2017 12:37,6/30/2017 1:02,1543.792,Henry Bacon Dr & Lincoln Memorial Circle NW,34th & Water St NW,Customer
1750568,6/30/2017 11:56,6/30/2017 12:02,361.359,Takoma Metro,Carroll & Ethan Allen Ave,Customer
1750887,6/30/2017 12:15,6/30/2017 12:28,763.542,1st & M St NE,M St & Delaware Ave NE,Customer
1749534,6/30/2017 10:43,6/30/2017 11:45,3751.624,Smithsonian-National Mall / Jefferson Dr & 12th St SW,Metro Center / 12th & G St NW,Customer
1750831,6/30/2017 12:12,6/30/2017 12:28,967.277,7th & R St NW / Shaw Library,18th St & Wyoming Ave NW,Customer
1749620,6/30/2017 10:49,6/30/2017 11:10,1211.373,Van Ness Metro / UDC,15th & P St NW,Subscriber
1750525,6/30/2017 11:53,6/30/2017 12:08,927.73,Constitution Ave & 2nd St NW/DOL,10th St & Constitution Ave NW,Customer
1750572,6/30/2017 11:56,6/30/2017 12:39,2586.987,4th & D St NW / Judiciary Square,M St & Pennsylvania Ave NW,Customer
1750178,6/30/2017 11:29,6/30/2017 11:38,575.958,13th & H St NE,4th & East Capitol St NE,Subscriber
1750880,6/30/2017 12:14,6/30/2017 12:31,1013.451,9th & Upshur St NW,California St & Florida Ave NW,Subscriber
1751108,6/30/2017 12:33,6/30/2017 12:39,401.378,4th & M St SW,3rd & Tingey St SE,Subscriber
1749767,6/30/2017 10:59,6/30/2017 11:04,276.859,Wilson Blvd & N Uhle St,Clarendon Blvd & Pierce St,Subscriber
1750942,6/30/2017 12:19,6/30/2017 12:22,147.524,17th & K St NW,Rhode Island & Connecticut Ave NW,Subscriber
1750712,6/30/2017 12:03,6/30/2017 12:13,616.104,Adams Mill & Columbia Rd NW,17th & K St NW,Subscriber
1749292,6/30/2017 10:27,6/30/2017 10:38,652.553,Franklin & S Washington St,Saint Asaph St & Pendleton  St,Customer
1749543,6/30/2017 10:44,6/30/2017 11:27,2564.416,23rd & E St NW ,14th St & New York Ave NW,Customer
1749866,6/30/2017 11:07,6/30/2017 11:26,1143.092,17th & G St NW,14th & D St NW / Ronald Reagan Building,Customer
1750662,6/30/2017 12:00,6/30/2017 12:04,245.509,15th & Euclid St  NW,14th & V St NW,Subscriber
1750613,6/30/2017 11:58,7/1/2017 12:23,1547.123,11th & O St NW,11th & O St NW,Customer
1749967,6/30/2017 11:14,6/30/2017 11:20,375.735,Prince St & Union St,Franklin & S Washington St,Subscriber
1749417,6/30/2017 10:36,6/30/2017 11:00,1421.871,M St & New Jersey Ave SE,3rd & H St NE,Subscriber
1750248,6/30/2017 11:34,7/1/2017 12:06,1942.044,11th & M St NW,Henry Bacon Dr & Lincoln Memorial Circle NW,Customer
1751400,6/30/2017 12:55,6/30/2017 1:05,564.559,18th & R St NW,11th & S St NW,Subscriber
1750877,6/30/2017 12:14,6/30/2017 12:39,1461.545,Rhode Island & Connecticut Ave NW,Henry Bacon Dr & Lincoln Memorial Circle NW,Customer
1749452,6/30/2017 10:39,6/30/2017 10:45,366.303,1st & H St NW,8th & H St NW,Subscriber
1750564,6/30/2017 11:55,6/30/2017 12:16,1240.217,17th & K St NW / Farragut Square,1st & M St NE,Subscriber
1751190,6/30/2017 12:40,6/30/2017 1:12,1910.185,USDA / 12th & Independence Ave SW,Columbia Pike & S Orme St,Subscriber
1750210,6/30/2017 11:31,6/30/2017 11:45,812.668,Harvard St & Adams Mill Rd NW,17th & K St NW / Farragut Square,Customer
1750124,6/30/2017 11:26,6/30/2017 11:50,1483.61,31st & Water St NW,15th & W St NW,Subscriber
1750454,6/30/2017 11:48,6/30/2017 11:53,277.035,17th & K St NW,Thomas Circle,Subscriber
1749467,6/30/2017 10:39,6/30/2017 10:57,1052.54,15th & M St NW,Smithsonian-National Mall / Jefferson Dr & 12th St SW,Customer
1749335,6/30/2017 10:30,6/30/2017 10:43,792.673,Anacostia Metro,4th & M St SW,Subscriber
1749747,6/30/2017 10:58,6/30/2017 11:15,1030.5,20th & Crystal Dr,Potomac Ave & Main Line Blvd,Customer
1749326,6/30/2017 10:29,6/30/2017 10:50,1259.869,Convention Center / 7th & M St NW,1st & K St SE,Subscriber
1749724,6/30/2017 10:57,6/30/2017 11:02,323.716,10th & U St NW,15th & P St NW,Subscriber
1749554,6/30/2017 10:45,6/30/2017 10:48,231.845,14th & Harvard St NW,14th & V St NW,Subscriber
1750736,6/30/2017 12:05,6/30/2017 12:07,91.012,Potomac Ave & 8th St SE,8th & Eye St SE / Barracks Row,Subscriber
1750618,6/30/2017 11:58,6/30/2017 12:24,1555.862,Jefferson Dr & 14th St SW,Smithsonian-National Mall / Jefferson Dr & 12th St SW,Customer
1751363,6/30/2017 12:52,6/30/2017 12:58,351.665,1st & M St NE,Union Market/6th St & Neal Pl NE,Subscriber
1749612,6/30/2017 10:48,6/30/2017 11:22,2019.662,L'Enfant Plaza / 7th & C St SW,Constitution Ave & 2nd St NW/DOL,Customer
1749871,6/30/2017 11:08,6/30/2017 1:47,9586.09,Connecticut Ave & Yuma St NW,Potomac & M St NW,Customer
1749635,6/30/2017 10:50,6/30/2017 12:13,4987.349,14th & L St NW,Lincoln Memorial,Customer
1751442,6/30/2017 12:59,6/30/2017 2:06,4026.996,Independence Ave & L'Enfant Plaza SW/DOE,Independence Ave & L'Enfant Plaza SW/DOE,Customer
1749254,6/30/2017 10:25,6/30/2017 10:32,446.532,Van Ness Metro / UDC,Connecticut & Nebraska Ave NW,Subscriber
1751296,6/30/2017 12:48,6/30/2017 1:00,753.203,17th St & Independence Ave SW,Independence Ave & L'Enfant Plaza SW/DOE,Customer
1749753,6/30/2017 10:58,6/30/2017 11:05,394.054,New Jersey Ave & R St NW,10th & U St NW,Subscriber
1749641,6/30/2017 10:51,6/30/2017 2:48,14244.366,Metro Center / 12th & G St NW,Henry Bacon Dr & Lincoln Memorial Circle NW,Customer
1750053,6/30/2017 11:20,6/30/2017 11:31,702.986,14th & Rhode Island Ave NW,Metro Center / 12th & G St NW,Customer
1749845,6/30/2017 11:06,6/30/2017 11:23,1001.222,14th & V St NW,16th & K St NW,Subscriber
1751069,6/30/2017 12:29,6/30/2017 12:45,935.02,17th St & Massachusetts Ave NW,Potomac & M St NW,Subscriber
1750940,6/30/2017 12:19,6/30/2017 12:22,210.167,Thomas Circle,16th & R St NW,Subscriber
1749158,6/30/2017 10:19,6/30/2017 10:39,1229.778,19th St & Constitution Ave NW,17th St & Massachusetts Ave NW,Customer
1749969,6/30/2017 11:14,6/30/2017 11:22,439.287,New Hampshire Ave & T St NW,7th & T St NW,Subscriber
1749675,6/30/2017 10:53,6/30/2017 11:23,1751.59,Constitution Ave & 2nd St NW/DOL,15th & K St NW,Customer
1748731,6/30/2017 9:51,6/30/2017 9:58,436.762,8th & East Capitol St NE,19th & East Capitol St SE,Subscriber
1748722,6/30/2017 9:50,6/30/2017 10:18,1631.621,15th St & Constitution Ave NW,New York Ave & 15th St NW,Customer
1750085,6/30/2017 11:22,6/30/2017 11:41,1117.636,Massachusetts Ave & Dupont Circle NW,36th & Calvert St NW / Glover Park,Subscriber
1748781,6/30/2017 9:55,6/30/2017 10:51,3370.316,Jefferson Memorial,Jefferson Memorial,Customer
1749799,6/30/2017 11:02,6/30/2017 11:15,771.946,24th & N St NW,34th & Water St NW,Customer
1749350,6/30/2017 10:31,6/30/2017 11:56,5117.199,Lincoln Memorial,New York Ave & 15th St NW,Customer
1750656,6/30/2017 12:00,6/30/2017 12:18,1095.053,1st & H St NW,14th & D St SE,Subscriber
1750215,6/30/2017 11:32,6/30/2017 11:49,1074.736,10th & E St NW,10th & E St NW,Subscriber
1749152,6/30/2017 10:19,6/30/2017 10:28,582.784,1st & M St NE,8th & O St NW,Subscriber
1750104,6/30/2017 11:24,6/30/2017 11:40,946.301,1st & K St SE,1st & N St  SE,Customer
1751350,6/30/2017 12:52,6/30/2017 12:59,461.506,10th & U St NW,11th & M St NW,Customer
1749975,6/30/2017 11:15,6/30/2017 11:21,371.01,Smithsonian-National Mall / Jefferson Dr & 12th St SW,Jefferson Dr & 14th St SW,Customer
1750500,6/30/2017 11:51,6/30/2017 11:57,304.525,13th & H St NE,Maryland Ave & E St NE,Subscriber
1748695,6/30/2017 9:49,6/30/2017 10:28,2360.383,21st St & Constitution Ave NW,8th & D St NW,Customer
1750726,6/30/2017 12:05,6/30/2017 12:21,986.019,Thomas Circle,M St & Pennsylvania Ave NW,Customer
1748751,6/30/2017 9:53,6/30/2017 9:59,335.628,Wisconsin Ave & O St NW,25th St & Pennsylvania Ave NW,Subscriber
1751409,6/30/2017 12:56,6/30/2017 1:03,406.675,7th & T St NW,14th & Belmont St NW,Subscriber
1751285,6/30/2017 12:47,6/30/2017 12:59,747.025,Union Market/6th St & Neal Pl NE,11th & H St NE,Customer
1749636,6/30/2017 10:50,6/30/2017 11:00,602.85,14th & V St NW,15th & L St NW,Subscriber
1751007,6/30/2017 12:24,6/30/2017 12:31,407.098,9th & Upshur St NW,11th & Kenyon St NW,Subscriber
1751277,6/30/2017 12:46,6/30/2017 12:50,227.001,3rd & H St NE,11th & H St NE,Subscriber
1750634,6/30/2017 11:58,7/1/2017 12:17,1126.714,18th & M St NW,6th & K St NE,Subscriber
1750497,6/30/2017 11:51,6/30/2017 12:08,1005.861,Constitution Ave & 2nd St NW/DOL,10th St & Constitution Ave NW,Customer
1750138,6/30/2017 11:27,6/30/2017 11:56,1759.34,Virginia Ave & 25th St NW,Georgia & New Hampshire Ave NW,Customer
1749041,6/30/2017 10:11,6/30/2017 10:43,1918.455,Henry Bacon Dr & Lincoln Memorial Circle NW,14th & D St SE,Subscriber
1751018,6/30/2017 12:25,6/30/2017 12:33,475.926,Eastern Market Metro / Pennsylvania Ave & 7th St SE,2nd St & Massachusetts Ave NE,Subscriber
1749379,6/30/2017 10:33,6/30/2017 10:53,1189.299,18th St & Wyoming Ave NW,10th & E St NW,Subscriber
1751280,6/30/2017 12:47,6/30/2017 12:49,117.869,14th & Belmont St NW,14th & V St NW,Subscriber
1748687,6/30/2017 9:49,6/30/2017 9:59,599.934,Massachusetts Ave & Dupont Circle NW,15th & W St NW,Subscriber
1748641,6/30/2017 9:46,6/30/2017 9:53,428.896,15th & M St NW,10th & G St NW,Subscriber
1748712,6/30/2017 9:50,6/30/2017 9:57,455.591,Eads & 22nd St S,Pentagon City Metro / 12th & S Hayes St,Subscriber
1750836,6/30/2017 12:12,6/30/2017 12:15,185.406,3rd St & Pennsylvania Ave SE,Eastern Market / 7th & North Carolina Ave SE,Subscriber
1750808,6/30/2017 12:10,6/30/2017 12:17,414.694,19th & K St NW,13th St & New York Ave NW,Subscriber
1748979,6/30/2017 10:07,6/30/2017 10:28,1262.542,4th & C St SW,Columbus Circle / Union Station,Subscriber
1748723,6/30/2017 9:50,6/30/2017 10:51,3638.939,Smithsonian-National Mall / Jefferson Dr & 12th St SW,Maine Ave & 7th St SW,Customer
1751110,6/30/2017 12:33,6/30/2017 12:48,893.882,USDA / 12th & Independence Ave SW,Jefferson Memorial,Subscriber
1749582,6/30/2017 10:46,6/30/2017 11:01,850.204,Lee Hwy & N Scott St,37th & O St NW / Georgetown University,Subscriber
1751043,6/30/2017 12:27,6/30/2017 12:33,341.065,10th St & L'Enfant Plaza SW,4th & M St SW,Subscriber
1750756,6/30/2017 12:06,6/30/2017 12:21,890.271,Thomas Circle,M St & Pennsylvania Ave NW,Customer
1750134,6/30/2017 11:27,6/30/2017 11:34,425.329,Adams Mill & Columbia Rd NW,11th & Kenyon St NW,Subscriber
1749086,6/30/2017 10:14,6/30/2017 11:15,3649.493,12th & L St NW,Lincoln Memorial,Customer
1750602,6/30/2017 11:57,6/30/2017 12:12,878.173,Henry Bacon Dr & Lincoln Memorial Circle NW,Henry Bacon Dr & Lincoln Memorial Circle NW,Customer
1748792,6/30/2017 9:55,6/30/2017 10:13,1081.992,36th & Calvert St NW / Glover Park,Connecticut & Nebraska Ave NW,Subscriber
1749449,6/30/2017 10:38,6/30/2017 10:49,616.461,14th & Irving St NW,20th & O St NW / Dupont South,Subscriber
1750103,6/30/2017 11:24,6/30/2017 11:26,133.768,Battery Ln & Trolley Trail,Cordell & Norfolk Ave,Subscriber
1749430,6/30/2017 10:37,6/30/2017 10:53,986.136,Braddock Rd Metro,Mount Vernon Ave & Kennedy St,Customer
1749213,6/30/2017 10:23,6/30/2017 10:46,1421.297,4th & C St SW,4th & C St SW,Customer
1750861,6/30/2017 12:13,6/30/2017 1:10,3383.168,New York Ave & 15th St NW,Jefferson Memorial,Customer
1750468,6/30/2017 11:49,6/30/2017 12:00,671.362,C & O Canal & Wisconsin Ave NW,22nd & I St NW / Foggy Bottom,Customer
1748688,6/30/2017 9:49,6/30/2017 10:02,771.79,12th & U St NW,10th & G St NW,Subscriber
1751102,6/30/2017 12:32,6/30/2017 12:40,488.074,Metro Center / 12th & G St NW,18th & R St NW,Subscriber
1751205,6/30/2017 12:42,6/30/2017 12:45,208.755,11th & O St NW,15th & P St NW,Subscriber
1748853,6/30/2017 9:59,6/30/2017 10:29,1774.84,19th St & Constitution Ave NW,17th St & Massachusetts Ave NW,Customer
1749336,6/30/2017 10:30,6/30/2017 10:52,1312.617,14th & L St NW,15th St & Constitution Ave NW,Customer
1749067,6/30/2017 10:13,6/30/2017 10:57,2628.263,21st & M St NW,Iwo Jima Memorial/N Meade & 14th St N,Customer
1749236,6/30/2017 10:24,6/30/2017 10:32,531.847,12th & Newton St NE,2nd St & Seaton Pl NE,Subscriber
1751181,6/30/2017 12:39,6/30/2017 12:48,525.203,21st St & Constitution Ave NW,17th & G St NW,Subscriber
1748719,6/30/2017 9:50,6/30/2017 10:06,924.994,3rd St & Pennsylvania Ave SE,1st & O St NW,Subscriber
1748828,6/30/2017 9:58,6/30/2017 10:14,994.565,Columbia Rd & Georgia Ave NW,8th & H St NW,Subscriber
1750926,6/30/2017 12:18,6/30/2017 12:43,1537.331,North Capitol St & F St NW,3rd St & Pennsylvania Ave SE,Customer
1751161,6/30/2017 12:38,6/30/2017 12:44,393.478,Lincoln Park / 13th & East Capitol St NE ,3rd St & Pennsylvania Ave SE,Subscriber
1749526,6/30/2017 10:42,6/30/2017 10:57,880.41,California St & Florida Ave NW,Florida Ave & R St NW,Subscriber
1749918,6/30/2017 11:10,6/30/2017 11:51,2460.916,4th & C St SW,Lincoln Memorial,Customer
1751290,6/30/2017 12:47,6/30/2017 1:25,2285.645,Montgomery Ave & Waverly St ,Montgomery Ave & Waverly St ,Subscriber
1749373,6/30/2017 10:33,6/30/2017 10:50,1023.979,Adams Mill & Columbia Rd NW,31st & Water St NW,Subscriber
1750009,6/30/2017 11:17,6/30/2017 11:23,354.869,16th & R St NW,7th & T St NW,Subscriber
1751016,6/30/2017 12:25,6/30/2017 12:35,566.941,M St & Pennsylvania Ave NW,Wisconsin Ave & O St NW,Customer
1751386,6/30/2017 12:55,6/30/2017 1:07,728.555,Columbus Circle / Union Station,L'Enfant Plaza / 7th & C St SW,Subscriber
1748923,6/30/2017 10:04,6/30/2017 10:08,279.458,Lincoln Memorial,Henry Bacon Dr & Lincoln Memorial Circle NW,Customer
1749563,6/30/2017 10:45,6/30/2017 10:58,805.963,Henry Bacon Dr & Lincoln Memorial Circle NW,Jefferson Dr & 14th St SW,Subscriber
1748875,6/30/2017 10:00,6/30/2017 10:08,439.184,17th & K St NW,11th & M St NW,Subscriber
1749800,6/30/2017 11:02,6/30/2017 11:09,397.77,Park Rd & Holmead Pl NW,Lamont & Mt Pleasant NW,Subscriber
1750260,6/30/2017 11:34,6/30/2017 11:49,843.36,Mount Vernon Ave & Four Mile Run Park,31st & Woodrow St S,Subscriber
1750974,6/30/2017 12:21,6/30/2017 12:35,844.946,Metro Center / 12th & G St NW,17th St & Massachusetts Ave NW,Subscriber
1748950,6/30/2017 10:05,6/30/2017 10:11,321.597,20th St & Virginia Ave NW,22nd & I St NW / Foggy Bottom,Subscriber
1751416,6/30/2017 12:57,6/30/2017 1:05,489.082,Friendship Hts Metro/Wisconsin Ave & Wisconsin Cir,River Rd & Landy Ln,Subscriber
1751010,6/30/2017 12:25,6/30/2017 12:43,1092.037,D St & Maryland Ave NE,4th & M St SW,Subscriber
1749040,6/30/2017 10:11,6/30/2017 10:33,1327.658,D St & Maryland Ave NE,10th & G St NW,Subscriber
1750190,6/30/2017 11:29,6/30/2017 11:36,431.997,Eastern Market / 7th & North Carolina Ave SE,2nd St & Massachusetts Ave NE,Subscriber
1750799,6/30/2017 12:10,6/30/2017 12:16,388.588,15th St & Constitution Ave NW,US Dept of State / Virginia Ave & 21st St NW,Subscriber
1748970,6/30/2017 10:07,6/30/2017 10:18,691.494,New Jersey Ave & R St NW,14th & V St NW,Subscriber
1750458,6/30/2017 11:49,7/1/2017 12:04,950.55,15th & L St NW,Georgia & New Hampshire Ave NW,Subscriber
1749521,6/30/2017 10:42,6/30/2017 10:51,544.96,Lee Hwy & N Scott St,C & O Canal & Wisconsin Ave NW,Subscriber
1751276,6/30/2017 12:46,6/30/2017 1:00,817.376,Montgomery College/W Campus Dr & Mannakee St,Rockville Metro East,Customer
1748996,6/30/2017 10:08,6/30/2017 10:18,580.733,19th & K St NW,13th St & New York Ave NW,Subscriber
1750704,6/30/2017 12:02,6/30/2017 12:23,1212.169,8th & Eye St SE / Barracks Row,Eckington Pl & Q St NE,Subscriber
1750408,6/30/2017 11:45,6/30/2017 11:52,435.728,10th & K St NW,New York Ave & 15th St NW,Subscriber
1750277,6/30/2017 11:36,6/30/2017 11:53,1009.521,21st & M St NW,18th St & Wyoming Ave NW,Customer
1749757,6/30/2017 10:59,6/30/2017 11:20,1314.1,1st & N St  SE,D St & Maryland Ave NE,Customer
1749109,6/30/2017 10:16,6/30/2017 10:52,2195.853,Jefferson Dr & 14th St SW,Henry Bacon Dr & Lincoln Memorial Circle NW,Customer
1748686,6/30/2017 9:49,6/30/2017 10:22,1985.521,20th & E St NW,Jefferson Dr & 14th St SW,Customer
1748791,6/30/2017 9:55,6/30/2017 10:02,421.029,8th & H St NW,11th & O St NW,Customer
1750856,6/30/2017 12:13,6/30/2017 12:37,1464.056,15th & P St NW,15th & L St NW,Customer
1751341,6/30/2017 12:51,6/30/2017 12:59,448.769,5th St & Massachusetts Ave NW,8th & O St NW,Subscriber
1748880,6/30/2017 10:01,6/30/2017 10:03,150.871,Columbia Rd & Belmont St NW,California St & Florida Ave NW,Subscriber
1749337,6/30/2017 10:30,6/30/2017 10:47,1003.139,Henry Bacon Dr & Lincoln Memorial Circle NW,15th St & Constitution Ave NW,Customer
1750054,6/30/2017 11:20,6/30/2017 11:29,566.807,16th & K St NW,14th & D St NW / Ronald Reagan Building,Subscriber
1751064,6/30/2017 12:29,6/30/2017 12:32,193.296,Metro Center / 12th & G St NW,8th & F St NW,Subscriber
1749240,6/30/2017 10:24,6/30/2017 10:36,700.389,Columbus Circle / Union Station,15th & East Capitol St NE,Subscriber
1750758,6/30/2017 12:07,6/30/2017 12:14,423.957,14th St & New York Ave NW,5th & F St NW,Subscriber
1751193,6/30/2017 12:41,6/30/2017 12:56,923.16,17th & Corcoran St NW,4th & E St SW,Subscriber
1750069,6/30/2017 11:21,6/30/2017 11:34,804.161,North Capitol St & F St NW,4th St & Madison Dr NW,Customer
1751050,6/30/2017 12:28,6/30/2017 12:49,1273.036,17th St & Independence Ave SW,Henry Bacon Dr & Lincoln Memorial Circle NW,Customer
1748915,6/30/2017 10:03,6/30/2017 10:08,283.888,14th & Irving St NW,14th & V St NW,Subscriber
1750379,6/30/2017 11:44,6/30/2017 12:02,1075.225,14th St & Spring Rd NW,Connecticut Ave & R St NW,Subscriber
1751261,6/30/2017 12:45,6/30/2017 1:09,1405.73,Jefferson Memorial,USDA / 12th & Independence Ave SW,Customer
1750434,6/30/2017 11:47,7/1/2017 12:06,1116.574,11th & O St NW,7th & E St SW,Subscriber
1750270,6/30/2017 11:35,6/30/2017 11:47,688.022,M St & Pennsylvania Ave NW,20th & O St NW / Dupont South,Subscriber
1749937,6/30/2017 11:12,6/30/2017 11:26,838.915,8th & Eye St SE / Barracks Row,Potomac & Pennsylvania Ave SE,Customer
1748936,6/30/2017 10:04,6/30/2017 10:15,643.465,Connecticut Ave & Newark St NW / Cleveland Park,36th & Calvert St NW / Glover Park,Subscriber
1749320,6/30/2017 10:29,6/30/2017 10:34,316.624,New Jersey Ave & N St NW/Dunbar HS,1st & Rhode Island Ave NW,Subscriber
1750388,6/30/2017 11:44,6/30/2017 11:54,562.797,Columbia Rd & Georgia Ave NW,11th & S St NW,Subscriber
1749888,6/30/2017 11:09,6/30/2017 11:47,2263.977,18th & R St NW,20th & O St NW / Dupont South,Subscriber
1751265,6/30/2017 12:46,6/30/2017 12:55,556.696,Florida Ave & R St NW,1st & Washington Hospital Center NW,Subscriber
1751284,6/30/2017 12:47,6/30/2017 1:15,1719.759,Ballston Metro / N Stuart & 9th St N,Lynn & 19th St North,Customer
1751027,6/30/2017 12:26,6/30/2017 12:55,1749.164,11th & Kenyon St NW,4th & E St SW,Subscriber
1748798,6/30/2017 9:56,6/30/2017 10:03,462.948,New Jersey Ave & L St NW,5th & F St NW,Customer
1749596,6/30/2017 10:48,6/30/2017 11:16,1681.984,Henry Bacon Dr & Lincoln Memorial Circle NW,17th & G St NW,Customer
1750583,6/30/2017 11:56,6/30/2017 12:06,593.397,1st & Rhode Island Ave NW,New Hampshire Ave & T St NW,Subscriber
1749065,6/30/2017 10:12,6/30/2017 10:18,351.973,14th & D St SE,Eastern Market Metro / Pennsylvania Ave & 7th St SE,Subscriber
1749704,6/30/2017 10:55,6/30/2017 11:05,596.524,Massachusetts Ave & Dupont Circle NW,15th & M St NW,Subscriber
1749380,6/30/2017 10:33,6/30/2017 10:40,385.75,14th & R St NW,14th & Belmont St NW,Subscriber
1749321,6/30/2017 10:29,6/30/2017 10:50,1232.445,Medical Center Dr & Key West Ave,Medical Center Dr & Key West Ave,Subscriber
1749318,6/30/2017 10:29,6/30/2017 10:38,564.959,17th & K St NW / Farragut Square,New Hampshire Ave & T St NW,Subscriber
1749550,6/30/2017 10:44,6/30/2017 10:55,642.707,4th & W St NE,North Capitol St & G Pl NE,Subscriber
1748898,6/30/2017 10:02,6/30/2017 10:21,1155.782,14th & Irving St NW,Lynn & 19th St North,Subscriber
1748876,6/30/2017 10:01,6/30/2017 10:16,918.658,Washington & Independence Ave SW/HHS,1st & M St NE,Subscriber
1750869,6/30/2017 12:14,6/30/2017 12:19,350.003,Thomas Circle,16th & R St NW,Subscriber
1750417,6/30/2017 11:46,6/30/2017 12:03,1017.313,Van Ness Metro / UDC,20th St & Florida Ave NW,Customer
1750287,6/30/2017 11:36,6/30/2017 11:48,662.958,2nd & G St NE,Union Market/6th St & Neal Pl NE,Customer
1749889,6/30/2017 11:09,6/30/2017 11:39,1782.38,16th & R St NW,2nd St & Massachusetts Ave NE,Subscriber
1749151,6/30/2017 10:19,6/30/2017 10:43,1451.423,15th & F St NE,Thomas Circle,Customer
1749034,6/30/2017 10:10,6/30/2017 10:24,784.529,North Capitol St & G Pl NE,17th & K St NW / Farragut Square,Subscriber
1750701,6/30/2017 12:02,6/30/2017 12:27,1501.766,Washington & Independence Ave SW/HHS,17th St & Independence Ave SW,Customer
1751087,6/30/2017 12:31,6/30/2017 12:34,182.658,14th & D St SE,12th St & Pennsylvania Ave SE,Subscriber
1749070,6/30/2017 10:13,6/30/2017 10:57,2615.303,4th & East Capitol St NE,4th & East Capitol St NE,Customer
1750849,6/30/2017 12:13,6/30/2017 12:30,1016.01,Harvard St & Adams Mill Rd NW,7th & T St NW,Subscriber
1749854,6/30/2017 11:06,6/30/2017 11:08,72.258,14th & Belmont St NW,14th & V St NW,Subscriber
1749847,6/30/2017 11:06,6/30/2017 11:14,483.032,13th & H St NE,Gallaudet / 8th St & Florida Ave NE,Customer
1751116,6/30/2017 12:33,6/30/2017 12:36,170.65,Court House Metro / 15th & N Uhle St ,Arlington Blvd & N Queen St,Subscriber
1748636,6/30/2017 9:46,6/30/2017 9:57,695.324,3rd & Tingey St SE,8th & East Capitol St NE,Subscriber
1750394,6/30/2017 11:45,6/30/2017 12:17,1948.521,Henry Bacon Dr & Lincoln Memorial Circle NW,17th & K St NW / Farragut Square,Customer
1751326,6/30/2017 12:51,6/30/2017 12:58,459.443,Bethesda Ave & Arlington Rd,Woodmont Ave & Strathmore St,Subscriber
1750559,6/30/2017 11:55,6/30/2017 12:43,2850.236,Jefferson Dr & 14th St SW,Jefferson Dr & 14th St SW,Customer
1751221,6/30/2017 12:43,6/30/2017 12:57,851.626,4th & M St SW,8th & F St NW,Subscriber
1750176,6/30/2017 11:29,6/30/2017 11:49,1198.394,8th & O St NW,10th & U St NW,Customer
1750302,6/30/2017 11:38,6/30/2017 12:01,1378.794,3rd & Underwood St NW,12th & Newton St NE,Subscriber
1750342,6/30/2017 11:41,6/30/2017 11:50,526.234,Sligo Ave & Carroll Ln,13th St & Eastern Ave,Customer
1750600,6/30/2017 11:57,6/30/2017 12:03,349.265,17th & K St NW,18th & R St NW,Subscriber
1749474,6/30/2017 10:40,6/30/2017 10:48,514.026,4th & W St NE,8th & O St NW,Subscriber
1750183,6/30/2017 11:29,6/30/2017 11:36,429.773,Metro Center / 12th & G St NW,8th & F St NW,Subscriber
1750315,6/30/2017 11:39,6/30/2017 11:45,384.387,4th & E St SW,USDA / 12th & Independence Ave SW,Subscriber
1749490,6/30/2017 10:40,6/30/2017 10:46,349.187,15th & K St NW,8th & F St NW,Subscriber
1748908,6/30/2017 10:03,6/30/2017 10:14,686.35,20th St & Florida Ave NW,21st & M St NW,Subscriber
1749515,6/30/2017 10:42,6/30/2017 10:50,481.337,7th & T St NW,5th & K St NW,Subscriber
1749089,6/30/2017 10:14,6/30/2017 10:35,1277.664,21st & M St NW,34th & Water St NW,Customer
1750040,6/30/2017 11:19,6/30/2017 11:38,1155.546,3rd & Tingey St SE,5th St & Massachusetts Ave NW,Subscriber
1750213,6/30/2017 11:31,6/30/2017 11:50,1109.248,12th & Irving St NE,M St & Delaware Ave NE,Subscriber
1749367,6/30/2017 10:32,6/30/2017 10:50,1044.739,Connecticut Ave & R St NW,Rosslyn Metro / Wilson Blvd & Ft Myer Dr,Subscriber
1750481,6/30/2017 11:50,6/30/2017 11:54,254.902,Calvert St & Woodley Pl NW,Adams Mill & Columbia Rd NW,Subscriber
1749810,6/30/2017 11:03,6/30/2017 11:20,1055.074,14th & V St NW,Lynn & 19th St North,Subscriber
1750878,6/30/2017 12:14,6/30/2017 12:25,663.55,New York Ave & 15th St NW,5th St & Massachusetts Ave NW,Customer
1748930,6/30/2017 10:04,6/30/2017 10:16,752.229,1st & Rhode Island Ave NW,3rd & H St NE,Customer
1748724,6/30/2017 9:51,6/30/2017 9:57,418.147,10th & U St NW,New Hampshire Ave & T St NW,Subscriber
1748848,6/30/2017 9:59,6/30/2017 10:12,770.139,14th & V St NW,21st & M St NW,Subscriber
1750607,6/30/2017 11:57,6/30/2017 1:02,3856.851,22nd St & Constitution Ave NW,4th & East Capitol St NE,Customer
1749999,6/30/2017 11:17,6/30/2017 11:22,288.464,14th St & Colorado Ave NW,5th & Kennedy St NW,Subscriber
1749869,6/30/2017 11:07,6/30/2017 11:12,295.363,Kennedy Center,C & O Canal & Wisconsin Ave NW,Customer
1748759,6/30/2017 9:53,6/30/2017 10:16,1363.321,8th & O St NW,8th & O St NW,Customer
1749411,6/30/2017 10:36,6/30/2017 10:51,943.913,Lincoln Memorial,Jefferson Dr & 14th St SW,Customer
1751431,6/30/2017 12:58,6/30/2017 1:05,417.253,15th & K St NW,8th & H St NW,Subscriber
